<?xml version="1.0" encoding="UTF-8" standalone="yes"?>
<addon id="context.venom" version="1.0.3" name="Venom - Global Context Menu Items" provider-name="Venom">
	<requires>
		<import addon="xbmc.python" version="2.23.0" />
	</requires>
	<extension point="kodi.context.item">
		<menu id="kodi.core.main">
			<item library="contextSettings.py">
				<label>[B][COLOR red]Venom[/COLOR][/B] - CM Settings</label>
				<visible>
					String.IsEqual(Window(home).Property(context.venom.settings),true) +
					String.StartsWith(ListItem.path,plugin://plugin.video.venom/) +
					String.IsEqual(ListItem.Property(isVenom_widget),true)
				</visible>
			</item>

			<item library="traktManager.py">
				<label>[B][COLOR red]Venom[/COLOR][/B] - Trakt Manager</label>
				<visible>
					String.IsEqual(Window(home).Property(context.venom.traktManager),true) +
					String.StartsWith(ListItem.path,plugin://plugin.video.venom/) +
					String.IsEqual(ListItem.Property(isVenom_widget),true) +
					[String.IsEqual(ListItem.dbtype,episode) | String.IsEqual(ListItem.dbtype,tvshow) | String.IsEqual(ListItem.dbtype,season) | String.IsEqual(ListItem.dbtype,movie)]
				</visible>
			</item>

			<item library="clearProviders.py">
				<label>[B][COLOR red]Venom[/COLOR][/B] - Clear Providers</label>
				<visible>
					String.IsEqual(Window(home).Property(context.venom.clearProviders),true) +
					String.StartsWith(ListItem.FolderPath,plugin://plugin.video.venom/?action=play) +
					String.IsEqual(ListItem.Property(isVenom_widget),true) +
					[String.IsEqual(ListItem.dbtype,episode) | String.IsEqual(ListItem.dbtype,movie)]
				</visible>
			</item>

			<item library="rescrape.py">
				<label>[B][COLOR red]Venom[/COLOR][/B] - Rescrape Item</label>
				<visible>
					String.IsEqual(Window(home).Property(context.venom.rescrape),true) +
					String.StartsWith(ListItem.FolderPath,plugin://plugin.video.venom/?action=play) +
					String.IsEqual(ListItem.Property(isVenom_widget),true) +
					[String.IsEqual(ListItem.dbtype,episode) | String.IsEqual(ListItem.dbtype,movie)]
				</visible>
			</item>

			<item library="playFromHere.py">
				<label>[B][COLOR red]Venom[/COLOR][/B] - Play from here</label>
				<visible>
					String.IsEqual(Window(home).Property(context.venom.playFromHere),true) +
					String.StartsWith(ListItem.path,plugin://plugin.video.venom/) +
					String.IsEqual(ListItem.Property(isVenom_widget),true) +
					String.IsEqual(ListItem.dbtype,episode)
				</visible>
			</item>

			<item library="autoPlay.py">
				<label>[B][COLOR red]Venom[/COLOR][/B] - Auto Play</label>
				<visible>
					String.IsEmpty(Window(home).Property(plugin.video.venom.autoPlay)) +
					String.IsEqual(Window(home).Property(context.venom.autoPlay),true) +
					String.StartsWith(ListItem.FolderPath,plugin://plugin.video.venom/?action=play) +
					String.IsEqual(ListItem.Property(isVenom_widget),true) +
					[String.IsEqual(ListItem.dbtype,episode) | String.IsEqual(ListItem.dbtype,movie)]
				</visible>
			</item>

			<item library="sourceSelect.py">
				<label>[B][COLOR red]Venom[/COLOR][/B] - Source Select</label>
				<visible>
					!String.IsEmpty(Window(home).Property(plugin.video.venom.autoPlay)) +
					String.IsEqual(Window(home).Property(context.venom.sourceSelect),true) +
					String.StartsWith(ListItem.FolderPath,plugin://plugin.video.venom/?action=play) +
					String.IsEqual(ListItem.Property(isVenom_widget),true) +
					[String.IsEqual(ListItem.dbtype,episode) | String.IsEqual(ListItem.dbtype,movie)]
				</visible>
			</item>

			<item library="findSimilar.py">
				<label>[B][COLOR red]Venom[/COLOR][/B] - Find Similar</label>
				<visible>
					String.IsEqual(Window(home).Property(context.venom.findSimilar),true) +
					String.StartsWith(ListItem.path,plugin://plugin.video.venom/) +
					String.IsEqual(ListItem.Property(isVenom_widget),true) +
					[String.IsEqual(ListItem.dbtype,tvshow) | String.IsEqual(ListItem.dbtype,movie)]
				</visible>
			</item>

			<item library="browseSeries.py">
				<label>[B][COLOR red]Venom[/COLOR][/B] - Browse Series</label>
				<visible>
					String.IsEqual(Window(home).Property(context.venom.browseSeries),true) +
					String.StartsWith(ListItem.path,plugin://plugin.video.venom/) +
					String.IsEqual(ListItem.Property(isVenom_widget),true) +
					[String.IsEqual(ListItem.dbtype,episode) | String.IsEqual(ListItem.dbtype,tvshow)]
				</visible>
			</item>

			<item library="browseEpisodes.py">
				<label>[B][COLOR red]Venom[/COLOR][/B] - Browse Episodes</label>
				<visible>
					String.IsEqual(Window(home).Property(context.venom.browseEpisodes),true) +
					String.StartsWith(ListItem.path,plugin://plugin.video.venom/) +
					String.IsEqual(ListItem.Property(isVenom_widget),true) +
					String.IsEqual(ListItem.dbtype,episode)
				</visible>
			</item> -->

		</menu>
	</extension>
	<extension point="xbmc.addon.metadata">
		<summary lang="en">Venom - This Addon is currently in beta. Please be aware there may be bugs present</summary>
		<description lang="en">Adds Global Contextual Menu Items for Venom menu items throughout Kodi
		</description>
		<platform>all</platform>
		<license>GNU GENERAL PUBLIC LICENSE. Version 3, 29 June 2007</license>
		<forum></forum>
		<website></website>
		<source></source>
		<disclaimer lang="en"></disclaimer>
		<assets>
			<icon>icon.png</icon>
			<fanart>fanart.png</fanart>
		</assets>
		<news>
[B][COLOR red]Update - v1.0.3 - May 6, 2020[/COLOR][/B]
[COLOR yellow]--[/COLOR][I] Added "Play from Here" ability for continual episode playback.
    Progress widget can now play all episodes from
    UpNext/Progress point forward. Playlist is built and
    autoplay begins upon selection.  Also added setting
    to enable or disable new option in settings.[/I]
		</news>
	</extension>
</addon>