<?xml version="1.0" encoding="UTF-8" standalone="yes"?>
<addon id="repository.spartan" name="[COLOR lime]Spartan Repo[/COLOR]" version="8.0.2" provider-name="Spartan06E">
	<extension point="xbmc.addon.repository" name="[COLOR lime]Spartan Repo[/COLOR]">
		<info compressed="false">https://raw.githubusercontent.com/Spartan06E/spartan06/master/zips/addons.xml</info>
		<checksum>https://raw.githubusercontent.com/Spartan06E/spartan06/master/zips/addons.xml.md5</checksum>
		<datadir zip="true">https://raw.githubusercontent.com/Spartan06E/spartan06/master/zips/</datadir>
	</extension>
	<extension point="xbmc.addon.metadata">
		<summary>Spartan Test Repo</summary>
		<description>Spartan Test Repo, Contents are not Official releases. No support is offered.This addon does not form part of the Kodi Media Centre. Please do not seek assistance with this addon from any of the Official Kodi Support Channels.</description>
		<disclaimer lang="en">The author is not responsible for the use of this addon. The author is not responsible for the content found using this addon. The author does not host or own any content found within this addon. The author is in no way affiliated with Kodi, Team Kodi, or the XBMC Foundation. This is a Non-profit resource, organized solely for educational purposes which is protected under the Fair-Use doctrine of the Copyright Act, Specifically section 107, which does promote freedom of expression, by permitting the unlicensed use of copyright-protected works.</disclaimer>
		<platform>all</platform>
		<license>GNU GENERAL PUBLIC LICENSE. Version 3, 29 June 2007</license>
		<source>https://github.com/Spartan06E/spartan06</source>
		<news></news>
		<assets>
			<icon>icon.png</icon>
			<fanart>fanart.jpg</fanart>
		</assets>
	</extension>
</addon>