<?xml version="1.0" encoding="UTF-8" standalone="yes"?>
<addon id="repository.spartan" name="Spartan Repo" version="7.6" provider-name="Spartan">
	<extension point="xbmc.addon.repository" name="Spartan Repo">

		<dir>
			<info compressed="false">https://raw.githubusercontent.com/Spartan06E/spartan06/master/zips/addons.xml</info>
			<checksum>https://raw.githubusercontent.com/Spartan06E/spartan06/master/zips/addons.xml.md5</checksum>
			<datadir zip="true">https://raw.githubusercontent.com/Spartan06E/spartan06/master/zips/</datadir>
		</dir>

		<dir>
			<info compressed="false">https://raw.githubusercontent.com/Gujal00/smrzips/master/addons.xml</info>
			<checksum>https://raw.githubusercontent.com/Gujal00/smrzips/master/addons.xml.md5</checksum>
			<datadir zip="true">https://raw.githubusercontent.com/Gujal00/smrzips/master/zips/</datadir>
		</dir>

	</extension>
	<extension point="xbmc.addon.metadata">
		<summary>Spartan is a educational add-on, Contents are not Official releases. We do not host any of the contents streamed.</summary>
		<description>Spartan</description>
		<disclaimer lang="en">The author is not responsible for the use of this addon. The author is not responsible for the content found using this addon. The author does not host or own any content found within this addon. The author is in no way affiliated with Kodi, Team Kodi, or the XBMC Foundation. This is a Non-profit resource, organized solely for educational purposes which is protected under the Fair-Use doctrine of the Copyright Act, Specifically section 107, which does promote freedom of expression, by permitting the unlicensed use of copyright-protected works.</disclaimer>
		<platform>all</platform>
		<license>GNU GENERAL PUBLIC LICENSE. Version 3, 29 June 2007</license>
		<assets>
			<icon>icon.png</icon>
			<fanart>fanart.jpg</fanart>
		</assets>
    </extension>
</addon>